node,real_value,x,y,cluster,type
zero point energy,,9.829242,8.751969,-1,concept
transdimensional systems,,9.631197,8.792861,-1,concept
top secret,,9.810395,8.296815,-1,concept
time travel,,9.252036,8.607799,-1,concept
synthetic quantum environment,,9.757255,8.720516,-1,concept
sixth sense,,9.236884,9.255936,-1,concept
sentry eagle,,10.178619,7.3876634,-1,concept
satanic ritual,,8.993731,8.720489,-1,concept
public domain,,10.233043,6.128187,-1,concept
public deception,,9.1591215,8.892625,-1,concept
private corporation,,12.398927,6.2770476,-1,concept
optical deception,,9.150453,8.889871,-1,concept
nuclear test,,11.967428,9.313993,-1,concept
microwave,,9.989256,8.032899,-1,concept
merint,,11.112795,4.447178,-1,concept
masint,,11.099999,4.4532695,-1,concept
intuitive decision making,,9.205582,9.273239,-1,concept
intelligence,,9.50157,9.5780325,-1,concept
hypothesis,,8.905155,8.723572,-1,concept
hypnosis,,8.945561,8.7625265,-1,concept
hypertech concepts,,10.875597,8.80408,-1,concept
human sacrifice,,8.895048,8.645072,-1,concept
general accounting office,,10.81865,10.479485,-1,concept
elint,,10.880719,4.333002,-1,concept
egg,,9.936918,6.0640187,-1,concept
disinformation,,9.366397,9.091781,-1,concept
crash site,,8.502143,7.84565,-1,concept
b2 spirit,,9.13185,6.0820785,-1,concept
antigravity news and space drive technology,,10.795012,8.665905,-1,concept
alpha red,,9.844505,7.1328974,-1,concept
3d reality,,9.22175,8.767732,-1,concept
st clair triangle incident,,8.246776,7.890392,-1,event
phoenix lights incident,,8.309018,7.9154363,-1,event
crash of an experimental aircraft in 1983,,8.667025,7.9510636,-1,event
white house army signaling agency,,10.390951,9.8229885,-1,group
research and development board,,12.228971,9.151605,-1,group
oil companies,,13.021243,5.928349,-1,group
obama administration,,11.082692,9.853811,-1,group
norad,,12.499321,7.932652,-1,group
hillary clinton campaign,,10.581252,0.31128168,-1,group
foreign technology division,,10.986981,9.649423,-1,group
defense finance and accounting service,,10.403505,9.872109,-1,group
atp group,,9.430917,6.738203,-1,group
us army,,10.236634,9.910247,-1,organization
trw,,11.014939,5.0774345,-1,organization
tenneco,,10.960935,5.033211,-1,organization
sri international,sri international,11.447538,5.422404,-1,organization
sri,sri international,11.4505825,5.2825828,-1,organization
south polaris,,9.94031,7.4248223,-1,organization
sbi,,11.449468,5.4582005,-1,organization
sapoc,sapoc,11.052222,5.4855566,-1,organization
sapco,sapoc,11.061364,5.4622912,-1,organization
saic,,11.095087,5.5242023,-1,organization
sac,,11.066616,5.487762,-1,organization
renaissance technologies llc,,12.475938,8.34683,-1,organization
raymond concrete pile company,,10.10853,1.3865774,-1,organization
pathfinder partners,,11.711437,7.132212,-1,organization
nro,,10.746899,5.3137083,-1,organization
naval research laboratory,,12.095935,8.985661,-1,organization
nasa,,11.065893,8.991273,-1,organization
narcap,,10.734785,5.396628,-1,organization
mitre corporation,,12.369186,6.197924,-1,organization
mitre corp,,12.349515,6.226407,-1,organization
martinmarietta,,12.325891,3.8143394,-1,organization
martin marietta,,12.440495,3.9229572,-1,organization
marathon,,11.6746435,4.182935,-1,organization
giscard destaing,,10.995325,6.068955,-1,organization
general exon,,9.486277,6.0097938,-1,organization
gao,,9.438236,5.839207,-1,organization
earthtech international,,11.106188,8.980019,-1,organization
earthtech,,11.020282,8.900498,-1,organization
defense intelligence agency,,10.041508,9.815603,-1,organization
darpa pe 0603286e,,9.915639,6.578988,-1,organization
darpa,,10.092659,6.4765916,-1,organization
boeing,,12.671826,7.8965096,-1,organization
bae systems,,12.671187,7.276999,-1,organization
avocent,,10.714289,5.9192705,-1,organization
amc,,11.861196,5.4916153,-1,organization
aileaton,,9.63165,6.854125,-1,organization
africom,,12.040999,5.4656715,-1,organization
aegis,,9.821149,7.1263657,-1,organization
will miller,,10.878981,1.0998366,-1,person
uri geller,,10.308417,3.072192,-1,person
tom delonge,,12.802462,4.0200353,-1,person
timir datta,,11.391767,4.343713,-1,person
tim cooper,,11.240752,1.5122155,-1,person
teller,,10.777842,3.806222,-1,person
susan gough,,10.926592,2.6430907,-1,person
skip atwater,,10.039521,1.9596585,-1,person
ross coulthart,,11.745293,1.5681505,-1,person
roscoe hillenkoetter,,9.714346,2.6247184,-1,person
rockefellers,,13.085997,6.1015506,-1,person
rex heflin,,9.741143,2.5187294,-1,person
preston nichols,,11.321492,2.8236947,-1,person
pratt  whitney,,11.227153,2.9813092,-1,person
phyllis green,,11.746716,2.6481292,-1,person
phillip j corso,,11.786281,3.0836058,-1,person
philip grandin strong,,11.718021,2.7577853,-1,person
paul czysz,,11.444639,2.7609649,-1,person
morris k jessup,,12.588936,2.962337,-1,person
monod,,11.694911,4.1465654,-1,person
michael smith,,11.077915,1.2822763,-1,person
lwoff,,10.088433,3.4005468,-1,person
lue elizondo,,12.92864,4.132168,-1,person
lue eilzondo,,12.84704,4.1541643,-1,person
louis witten,,10.105847,3.3849046,-1,person
lewis field,,9.692794,3.7528694,-1,person
leonard stringfield,,9.706509,3.7307692,-1,person
laurance rockefeller,,13.167234,6.039147,-1,person
kit green,,11.778261,2.675945,-1,person
joseph bryan iii,,11.940369,1.9857872,-1,person
john ramirez,,12.238309,3.1469903,-1,person
john petersen,,11.383045,2.5247102,-1,person
jim semivan,,12.355193,2.8609304,-1,person
jerry simons,,12.406624,2.89711,-1,person
james iandoli,,12.064466,2.8958805,-1,person
hugh l dryden,,10.589867,2.4392266,-1,person
howell mcconnell,,11.511584,0.7193536,-1,person
howard cross,,12.365016,1.606808,-1,person
hector quintanilla,,12.868438,4.109381,-1,person
hayden channing,,10.492546,2.081658,-1,person
harry reid,,12.569821,1.2875943,-1,person
harry howard,,12.57874,1.4258919,-1,person
grant cameron,,11.063399,0.90675974,-1,person
gondola wish,,11.036508,6.062923,-1,person
gary mckinnon,,11.291146,0.78311926,-1,person
garry nolan,,10.748129,0.9216406,-1,person
franklin mead,,11.796311,0.94649047,-1,person
franc milburn,,11.772183,0.89426047,-1,person
eugene podkletnov,,10.024509,2.2332623,-1,person
ernst steinhoff,,10.166992,1.9334333,-1,person
edward lansdale,,10.78368,2.0512738,-1,person
dick damato,,10.58019,2.970661,-1,person
daniel goldin,,10.947207,2.885825,-1,person
dan burisch,,11.222566,3.6870065,-1,person
curtis lemay,,12.710074,2.6081634,-1,person
cliff booth,,10.2881,1.0481204,-1,person
chuck reever,,9.941947,1.6402283,-1,person
chincarini,,12.048806,4.1831565,-1,person
chase brandon,,10.900433,2.2147334,-1,person
charles bowsher,,10.522831,1.446675,-1,person
brandon fugal,,11.107279,2.2920864,-1,person
boyd bushman,,10.529412,1.3018669,-1,person
bill cooper,,10.511653,1.0090483,-1,person
bill clinton,,10.5971985,0.4092774,-1,person
arthur sylvester,,11.353289,1.5354239,-1,person
arc seibersdorf,,12.026058,4.504666,-1,person
ansel e talbert,,10.49244,1.9899712,-1,person
aaf,,8.871925,6.513704,-1,person
wright field,wright patterson afb,9.731888,3.6865802,-1,place
warton plant,,9.846718,3.4873712,-1,place
uss franklin d roosevelt,,11.939101,1.027141,-1,place
uss engstrom,,9.746754,1.5077772,-1,place
usaf research laboratory,,11.968976,8.927755,-1,place
us,,10.402611,6.016804,-1,place
uk,,10.434628,6.005054,-1,place
skinwalker ranch,,11.060348,3.9555228,-1,place
sd,,10.296574,6.040934,-1,place
san antonio tx,,13.5785265,4.658468,-1,place
sac kansas city,,11.022856,5.5409927,-1,place
roswell nm,roswell nm,14.372659,6.421566,-1,place
roswell army air field,,14.254712,6.5060344,-1,place
roswell air force base,,14.245126,6.524803,-1,place
roswell,roswell nm,14.268101,6.493778,-1,place
romeo flight,,12.332002,7.69691,-1,place
pascagoula river,,12.731982,5.38321,-1,place
pantex plant,,11.871304,9.143357,-1,place
office of information,,11.477932,10.29442,-1,place
new mexico,,14.850724,5.1209903,-1,place
nevada testing range,,12.187875,9.580197,-1,place
nevada test site,,12.206224,9.584424,-1,place
nevada national security site,,12.102921,9.61781,-1,place
marshall space flight center,,11.704752,8.535992,-1,place
laredo,,13.150557,4.38685,-1,place
kataghan province,,13.372471,5.0469685,-1,place
kabul,,12.304242,5.3284903,-1,place
indian point nuclear plant,,11.914466,9.245706,-1,place
hughes,,10.666627,2.529276,-1,place
hangar 18,,10.42966,7.715148,-1,place
gray aafrobert gray field,,8.703191,6.440308,-1,place
goddard,,11.102016,6.7103376,-1,place
glenn research center,,12.27127,8.916849,-1,place
flight deck,,12.100979,7.4488783,-1,place
desert research experimental station,,12.089002,8.923944,-1,place
curtis lemay center for doctrine development and education,,12.797099,2.559015,-1,place
calberkeley,,13.673461,3.9371374,-1,place
brooke general hospital,,11.174174,4.1231627,-1,place
bradshaw ranch,,10.99938,3.8865764,-1,place
atlas site 9,,9.23839,7.3553386,-1,place
atlas,,9.66452,7.1552253,-1,place
area 51,,9.216433,7.6860704,-1,place
area 29,,9.220244,7.2517905,-1,place
alamogordo nm,,15.015813,5.627678,-1,place
sheriff,,11.002209,3.790132,-1,position
president,,11.660394,4.6244216,-1,position
naval aviator,,12.623188,7.2342663,-1,position
nasa administrator,,11.083734,10.064121,-1,position
millionaire,,11.611686,4.388812,-1,position
journalist,,9.503031,8.708263,-1,position
hillary clinton campaign manager,,10.576994,0.2745919,-1,position
clinton campaign manager,,10.601735,0.30322737,-1,position
aaf commanding,,8.707462,6.4889646,-1,position
assistant to the president for science and technology,,11.279449,10.088208,-1,postion
roswell morning dispatch,,14.30346,6.4680223,-1,program
project blue book,,11.489023,7.3687406,-1,program
ppd,,10.302811,6.3973308,-1,program
operation upshotknothole,,10.275765,6.9128547,-1,program
grasp,,9.63734,5.554833,-1,program
cseti,,10.968716,5.13272,-1,program
aaro,,10.650832,5.6572313,-1,program
sekret machines,,9.894576,8.109977,-1,publication
blue book special report no 14,,11.510827,7.4190536,-1,publication
sara,,11.571214,3.765494,-1,person
xp80,,9.605528,6.142953,-1,technology
polaroid camera,,9.894085,7.6672435,-1,technology
multiple independentlytargeted reentry vehicle,,11.148246,8.176084,-1,technology
minuteman icbm,,11.384643,7.8848524,-1,technology
geiger counter,,9.780892,8.204157,-1,technology
ballistic missile,,11.333995,7.950498,-1,technology
b2,,9.152877,6.1403837,-1,technology
avrocar,,10.70343,5.8640504,-1,technology
tesre,,11.004645,4.9976015,-1,
afl 2005,,1.9281824,3.9590368,0,date
9 july 1991 entry,,2.092121,4.239171,0,date
June 2008,,2.0336974,4.0532417,0,date
September 1994,,2.0870624,4.2599607,0,date
9 July 1991,,2.0544932,4.2228346,0,date
23 October 1988,,2.1692455,4.4401727,0,date
February 1979,,2.2051485,4.3072166,0,date
January 1971,,2.1975577,4.25744,0,date
January 1963,,2.2967713,4.1074643,0,date
21 May 1953,,2.4010165,3.9972625,0,date
October 1947,,2.2256904,4.3664436,0,date
23 September 1947,,2.1875873,4.3684406,0,date
2005,,1.9493697,4.010981,0,date
2004,,1.967522,4.0325313,0,date
2001,,1.9602921,4.020874,0,date
1997,,2.060767,4.1344914,0,date
1992,,2.020547,4.061197,0,date
1977,,2.2245479,4.299152,0,date
1968,,2.293843,4.011356,0,date
1954,,2.352677,3.9671922,0,date
1953,,2.405229,3.9808567,0,date
1952,,2.3187158,3.9596813,0,date
1947,,2.2671413,4.2063313,0,date
1953 cia robertson panel,,2.4523098,3.8924873,0,program
wrightpatterson air force base,wright patterson afb,7.8755217,5.014838,1,place
wrightpatterson afb,wright patterson afb,7.911539,5.005375,1,place
wright patterson air force base,wright patterson afb,7.8748236,5.02004,1,place
wright patterson afb,wright patterson afb,7.8751273,5.0235004,1,place
pintwater range,,8.583469,4.436803,1,place
moriches bay,,8.404098,3.8028893,1,place
montauk ny,,8.381154,3.7727644,1,place
montauk,,8.469278,3.8658264,1,place
groom lake,,8.719851,4.093762,1,place
ft belvoir,,7.979923,3.761259,1,place
fort worth army air field,,7.825349,4.0196815,1,place
fort worth,,7.892222,3.9174519,1,place
fort sill,,7.9039054,3.8192208,1,place
fort riley,,7.864503,3.884764,1,place
fort polk,,7.957607,3.8984556,1,place
fort monmouth,,8.185865,3.8457222,1,place
fort hood,,7.901906,3.8939195,1,place
fort gillem,,7.9561095,3.8278482,1,place
fort belvoir va,,8.012442,3.7692418,1,place
dog bone lake,,8.673368,4.0226684,1,place
camp pendleton,,8.237466,3.9271295,1,place
camp hero,,8.353589,4.015809,1,place
aac fort worth,,7.8636684,3.9862983,1,place
mendel rivers congressional hearings,,13.245966,9.818921,2,event
senate appropriations committee,,13.178066,9.853806,2,groip
congress,,13.279056,9.816106,2,groip
un special political committee,,13.150635,9.850836,2,group
senate,,13.237318,9.786728,2,group
congressmen,,13.255859,9.810018,2,group
congressional,,13.300456,9.832091,2,group
condon committee,,13.228612,9.851528,2,group
library of congress,,13.300639,9.818635,2,place
congressional research service,,13.277525,9.818983,2,program
white sands proving ground,,15.440374,6.523503,3,place
sandia laboratories,,15.480085,6.4351645,3,place
sandia base,sandia laboratories,15.468055,6.4952965,3,place
sandia,sandia laboratories,15.457639,6.458698,3,place
los alamos national laboratory,los alamos national laboratory,15.357805,6.0621057,3,place
los alamos national laboratories,los alamos national laboratory,15.357268,6.025597,3,place
los alamos national lab,los alamos national laboratory,15.4048,6.076233,3,place
los alamos,,15.295266,5.95536,3,place
lawrence livermore national laboratory,lawrence livermore national laboratory,15.373834,6.0486627,3,place
lawrence livermore,lawrence livermore national laboratory,15.350771,6.076603,3,place
lanl,lawrence livermore national laboratory,15.342622,6.1156554,3,place
bell laboratories,,15.398261,6.061899,3,place
roosevelt roads naval air station,,13.559694,6.9201846,4,place
potomac river naval command,,13.241572,7.1687202,4,place
navy bureau of aeronautics,,12.767801,7.2307606,4,place
naval support facility diego garcia,,13.340408,7.100145,4,place
naval auxiliary air station edenton,,13.294779,7.1255674,4,place
naval air weapons station china lake,,13.533484,7.3128653,4,place
naval air station patuxent river,,13.333003,7.121277,4,place
naval air station los alamitos,,13.316276,7.1282554,4,place
naval air station,naval air station,13.316412,7.134312,4,place
naval air base,naval air station,13.305328,7.1128206,4,place
lemoore naval air station,,13.312919,7.1068516,4,place
great lakes naval base,,13.406077,7.212452,4,place
china lake naval weapons center,,13.488689,7.2793207,4,place
china lake naval ordnance test station,,13.515589,7.3187423,4,place
cecil field naval air station,,13.369258,7.067991,4,place
zaragoza afb,,7.684439,6.3433986,5,place
wpafb,wright patterson afb,8.007439,6.559956,5,place
warren afb,,7.5911775,6.256795,5,place
walker afb,,7.7608414,6.3688807,5,place
offutt air force base,,7.438188,6.15555,5,place
norton air force base,,7.394418,6.0441127,5,place
norton afb,,7.4085045,6.0529747,5,place
myrtle beach afb,,7.7490234,6.4336257,5,place
mclean secure facility,,7.624715,6.602932,5,place
maxwell afb,,7.759183,6.42138,5,place
max spiers,,8.312765,6.2657514,5,place
malmstrom afb,,7.5243917,6.349536,5,place
macdill afb,,7.584869,6.5239954,5,place
lockbourne afb,,7.58253,6.4829097,5,place
langley avon bombing range,,7.536069,6.3868003,5,place
langley afb,,7.541078,6.390832,5,place
kirtland afb,,7.383648,6.276958,5,place
huntsville al,,7.7831726,6.434672,5,place
hunter afb,,7.7817607,6.474957,5,place
holloman afb,,7.581485,6.6330314,5,place
hill afb,,7.5682006,6.5040727,5,place
george afb,,7.795,6.317179,5,place
francis e warren afb,,7.627221,6.154997,5,place
ellsworth afb,,7.5815907,6.242007,5,place
edwards air force base,,7.5877113,6.1068096,5,place
edwards afb,,7.6512117,6.2365108,5,place
dyess afb,,7.682095,6.441347,5,place
ben guerir air base,,7.4067082,6.0886555,5,place
andrews afb,,7.771978,6.28191,5,place
97th bomber wing,,9.227018,10.867195,6,group
96th security police squadron,,9.257884,10.831293,6,group
7602nd air intelligence group,,9.418858,10.627911,6,group
603rd air engineering squadron,,9.250978,10.837567,6,group
354th tac fighter wing,,9.176722,10.910502,6,group
319th strategic missile squadron,,9.238494,10.845058,6,group
1127th field activities group,,9.333494,10.719511,6,group
cirvis,,13.07936,3.5568168,7,concept
marc dantonio,,13.226584,3.3267574,7,person
dl cravens,,13.100061,3.4699333,7,person
darius carter,,13.113859,3.3685486,7,person
dan morris,,12.917557,3.2618098,7,person
calvin parker,,13.335454,3.559377,7,person
calvine,,13.374081,3.671511,7,place
yuma az,,14.269735,4.1497946,8,place
wayne state university,,14.360523,3.6307855,8,place
washington dc,,14.566103,3.8721833,8,place
wasatch mountains,,15.3159075,4.5104775,8,place
virginia,,14.604097,4.1419725,8,place
utah,,15.347183,4.4320173,8,place
uss princeton,,13.973856,3.4635832,8,place
university of south carolina,,14.188046,3.36381,8,place
university of lisbon,,14.149238,3.2914152,8,place
university of cincinnati,,14.227976,3.3808317,8,place
toronto,,14.574186,4.0491076,8,place
the arlington institute,,14.324436,3.4088109,8,place
sunnyvale ca,sunnyvale,14.1072445,4.6214623,8,place
sunnyvale,,14.159528,4.552686,8,place
sunn classic pictures,,14.021464,4.7996826,8,place
stanford,,14.036306,4.147576,8,place
southwest center for advanced studies,,14.144471,3.9860384,8,place
southern california,,14.010646,4.500746,8,place
san francisco,,14.173599,4.515161,8,place
san diego,,14.004728,4.6255713,8,place
puerto rico,,13.445327,5.1470585,8,place
pennzoil,,14.060085,3.8110592,8,place
penn state university,,14.202634,3.4756258,8,place
pacific ocean,pacific,13.840119,5.231975,8,place
pacific heights,,13.9423485,4.9869447,8,place
pacific,pacific,13.840332,5.1099267,8,place
oregon,,14.919653,4.3024917,8,place
ohio,,14.9399185,4.036371,8,place
ogden utah,,15.411076,4.404686,8,place
new york herald tribune,,14.575736,4.9451766,8,place
new york,,14.505519,4.648916,8,place
nevada,,14.92712,4.48913,8,place
nebraska,,14.929201,4.361311,8,place
muskegon mi,,14.664525,3.6385343,8,place
montana,,15.006858,4.50594,8,place
mojave desert,,13.960172,5.03539,8,place
michigan state university,,14.381875,3.6162012,8,place
michigan,,14.760492,3.785564,8,place
mariana trench,,13.736813,5.248452,8,place
long island,,14.195676,4.9059443,8,place
long beach ca,,14.141074,4.816309,8,place
lincoln county,,14.96411,4.415766,8,place
las vegas,,14.756319,4.490592,8,place
kwajalein atoll,,13.821148,5.2181664,8,place
island,,13.953908,5.1559772,8,place
illinois,,14.849063,4.058877,8,place
idaho,,15.0658865,4.5185647,8,place
hudson valley,,14.4850855,4.8806195,8,place
harvard university,,14.140429,3.3325803,8,place
hampton roads,,14.509117,4.0631166,8,place
georgia,,14.697952,4.3434014,8,place
garrison ut,,15.42197,4.381407,8,place
florida,,14.585368,4.353119,8,place
el segundo ca,,13.900769,4.479496,8,place
detroit mi,,14.701563,3.725438,8,place
detroit,,14.713488,3.8592749,8,place
colorado springs co,,14.941585,4.830497,8,place
coastal,,13.766168,5.3436775,8,place
cleveland oh,,14.854278,4.0615835,8,place
chicago il,,14.7633295,4.0672007,8,place
cheyenne mountain complex,,15.0707245,4.662728,8,place
cedar city utah,,15.439297,4.404331,8,place
catalina islands,,13.988628,5.0520926,8,place
caribbean sea,,13.6485815,5.2414746,8,place
california state university,,14.091622,4.219217,8,place
california,,14.23931,4.487588,8,place
buchanan ny,,14.56547,4.8378873,8,place
bay area,,14.171903,4.6970277,8,place
battelle memorial institute,,14.358538,3.4226446,8,place
atlantic ocean,,13.729277,5.256747,8,place
arlington institute,,14.309628,3.431358,8,place
arlington,,14.446994,3.6157267,8,place
arizona state university,,14.241934,4.0213237,8,place
arizona,,14.432556,4.2439466,8,place
allen dulles,,14.476448,3.6850746,8,place
ada oklahoma,,15.324523,4.313012,8,place
texas instruments,,13.398429,4.718122,9,organization
valparaiso,,13.154826,4.339302,9,place
texaco,,13.222404,4.7146935,9,place
palmdale,,13.550273,4.5784583,9,place
pahute mesa,,13.321929,4.3940997,9,place
mexico,,12.97046,4.7543774,9,place
mexican border,,13.10645,4.466182,9,place
el paso,,13.266009,4.432407,9,place
austin tx,,13.508225,4.620364,9,place
amarillo tx,,13.504449,4.6153717,9,place
thiel capital,,12.034486,4.7030606,10,organization
zurich,,12.199404,4.7122197,10,place
toulouse,,12.595009,5.0762987,10,place
switzerland,,12.310754,4.771371,10,place
spain,,12.746347,4.9562044,10,place
scotland,,12.536875,4.884105,10,place
russia,,12.660447,4.8773494,10,place
morocco,,12.499809,5.218988,10,place
liechtenstein,,12.211782,4.70728,10,place
guadeloupe,,12.706527,5.1237926,10,place
german,,12.277329,4.875955,10,place
france,,12.575361,5.024845,10,place
chile,,12.538034,4.676325,10,place
canada,,12.808989,4.8020806,10,place
british,,12.198319,4.99945,10,place
austria,,12.328759,4.777897,10,place
australia,,12.638491,4.831515,10,place
africa,,12.339508,5.293581,10,place
afghanistan,,12.316962,5.2803555,10,place
president of france,,12.313523,4.9911976,10,position
john f kennedy school of government,,12.581532,2.1773567,11,organization
lyndon b johnson,,12.382576,1.976185,11,person
kennedy,,12.499591,2.1492379,11,person
jon ferry,,12.251872,2.1714602,11,person
uss john f kennedy,,12.375628,2.0878258,11,place
kennedy space center,,12.552374,2.192456,11,place
fergus county,,12.245407,2.2013628,11,place
skunk works,,13.188186,8.21759,12,organization
lockheedvega,,13.278046,8.306792,12,organization
lockheedmartin helendale plant,,13.265434,8.381774,12,organization
lockheed skunkworks,lockheed skunkworks,13.280532,8.291276,12,organization
lockheed skunk works,lockheed skunkworks,13.277671,8.251724,12,organization
lockheed martin information systems,lockheed martin,13.278309,8.400618,12,organization
lockheed martin advanced technology center,lockheed martin,13.258167,8.40765,12,organization
lockheed martin,lockheed martin,13.243804,8.374584,12,organization
lockheed,lockheed martin,13.168311,8.299789,12,organization
glenn l martin company,glenn l martin company,13.086041,8.5859995,12,organization
glenn l martin co,glenn l martin company,13.060931,8.580112,12,organization
rocketdyne,,12.702177,8.299455,13,organization
reynolds electronics,,12.631713,8.34028,13,organization
raytheon,,12.8159895,8.251537,13,organization
northropgrumman,northrop grumman,12.79291,8.257326,13,organization
northrop norair,northrop grumman,12.788312,8.200099,13,organization
northrop grumman,northrop grumman,12.837915,8.232393,13,organization
northrop anthill tejon rance,northrop grumman,12.867431,8.226236,13,organization
boeing phantom works,,12.851794,7.969675,13,organization
air force regulation 2002,,9.8840885,10.465359,14,concept
air intelligence,air force intelligence,9.716714,10.253817,14,group
air force intelligence,air force intelligence,9.775445,10.173449,14,group
alleged usaf incidentcomplaint form,,9.98779,10.398354,14,object
usaf,,10.013121,10.34968,14,organization
us air force,us air force,10.003801,10.328163,14,organization
air force institute of technology,,9.957434,10.162325,14,organization
air force,us air force,9.915821,10.362099,14,organization
air technical intelligence center,,9.7823925,10.254762,14,place
air force archives,,9.953775,10.3427725,14,publication
counterintelligence,,9.634449,9.625935,15,concept
intelligence community,,9.637923,9.668031,15,group
intelligence agencies,,9.757552,9.64404,15,group
intelligence and security command,,9.710376,9.887092,15,organization
intelligence analyst,,9.642817,9.585023,15,person
victor martinez,,12.251588,3.578767,16,person
victor marchetti,,12.015303,3.638158,16,person
salvatore pais,,12.016306,3.6234713,16,person
ron pandolfi,,11.887028,3.2745843,16,person
marisa,,11.784135,3.7113056,16,person
mario pinheiro,,12.035734,3.4121253,16,person
marconi,,11.828678,3.8083022,16,person
joe murgia,,11.772859,3.532824,16,person
jesse marcel sr,jesse marcel,12.135367,3.3669693,16,person
jesse marcel jr,jesse marcel,12.097322,3.4000075,16,person
jesse marcel,jesse marcel,12.076892,3.4504235,16,person
jacques valle,,12.027709,3.4825158,16,person
jack sarfatti,,11.875461,3.5501986,16,person
gianluca gemme,,11.775006,3.4519973,16,person
anthony o mirarchi,,11.845445,3.5898595,16,person
andrew basiago,,11.845474,3.3729012,16,person
andrea rossi,,11.822662,3.36606,16,person
alexandre martins,,12.14711,3.61398,16,person
signal corps,,12.189151,6.715494,17,group
cyber corp,,12.285591,6.3940597,17,group
bdm corp,,12.007711,6.4061155,17,group
usmc,marine corps,11.967611,6.7617626,17,organization
us navy,us navy,12.039122,6.734928,17,organization
navy,us navy,12.105384,6.783416,17,organization
marine corps,marine corps,12.164266,6.6996684,17,organization
coast guard,,12.2963085,6.688516,17,organization
chilean navy,,12.155174,6.616285,17,organization
bdm,,11.904617,6.6234927,17,organization
uss nimitz,,11.618011,6.5340877,17,place
philadelphia navy yard,,12.084548,6.776033,17,place
vadm,,12.159107,6.964505,17,position
radm,,12.146256,6.997072,17,position
petty officer first class,,12.259753,6.9790616,17,position
lance corporal,,12.281446,6.916997,17,position
cmdr,,12.19699,6.9945297,17,position
vice chair of the joint chiefs of staff,,10.956591,10.846779,18,position
usaf chief of staff,,10.833694,10.85584,18,position
under secretary of the navy,,11.11251,10.906082,18,position
under secretary of defense for intelligence and security,,11.236952,10.971077,18,position
under secretary for intelligence and analysis,,11.193027,11.023823,18,position
secretary of the navy,,10.983243,10.867613,18,position
secretary of the air force,,10.933625,10.881842,18,position
secretary of energy,,11.023108,10.733609,18,position
nsa director,,11.270853,10.5429,18,position
general officer,,10.885663,10.615758,18,position
director of information services,,11.386102,10.635906,18,position
deputy director of the cia,,11.32662,10.898941,18,position
deputy assistant secretary of defense for intelligence,,11.290369,10.868016,18,position
comptroller general,,10.86518,10.578858,18,position
cia deputy director,,11.266854,10.924584,18,position
chief officer of policy for the nsa,,11.2339735,10.631733,18,position
assistant secretary of defense for intelligence,,11.261941,10.882862,18,position
assistant secretary,,11.1991,10.817326,18,position
mcdonnelldouglas,mcdonnell douglas,11.733911,0.4035251,19,organization
mcdonnell douglas corporation,mcdonnell douglas,11.71476,0.39110425,19,organization
mcdonnell douglas,mcdonnell douglas,11.695301,0.41567686,19,organization
mcdonnell,mcdonnell douglas,11.592894,0.565701,19,organization
douglas torr,,11.760783,0.37651458,19,organization
douglas aircraft,,11.721857,0.38317487,19,organization
ronald reagan,,12.294545,1.3278478,20,person
ronald moultrie,,11.983443,1.4715867,20,person
harry s truman,,12.528595,1.3150617,20,person
george bush sr,,12.248443,1.3417885,20,person
donald rumsfeld,,12.263402,1.3356799,20,person
donald flickinger,,12.059371,1.476196,20,person
donald b rice,,12.19695,1.3534251,20,person
uss russell,,12.054844,1.3986855,20,place
uss ronald reagan,,12.245485,1.3125038,20,place
sherman,,10.9588785,3.427967,21,person
richard dolan,,10.783406,2.9757838,21,person
oke shannon,,11.032775,3.3761384,21,person
ingo swann,,11.07098,3.2959929,21,person
daniel sheehan,,10.949832,3.1788197,21,person
daniel l sherman,daniel l sherman,11.023672,3.2852323,21,person
dan sherman,daniel l sherman,11.031117,3.375149,21,person
commission on the future of the us aerospace industry,,11.854543,8.290323,22,group
airline industry,,11.879974,8.037192,22,group
aerospace industry,,11.940174,8.148553,22,group
aerospace company,aerospace company,11.96532,8.155712,22,group
aerospace companies,aerospace company,11.956871,8.096989,22,group
orbitec,,12.17381,8.02058,22,organization
orbital technologies corporation,,12.205461,8.110199,22,organization
ford aerospace,,12.028483,8.267538,22,organization
falcon space,,11.783623,8.352446,22,organization
aerospace corp,,11.986501,8.082597,22,organization
airline pilots,,11.840298,7.924944,22,position
aerospace engineer,,11.891448,8.135722,22,position
quantum vacuum,,9.772731,8.656299,23,concept
wernher von braun,,9.73224,8.465545,23,person
oppenheimer,,9.642786,8.4558525,23,person
einstein,,9.8009815,8.58312,23,person
physicist,,9.551492,8.482478,23,position
microbiologist,,9.3871765,8.395354,23,position
futurist,,9.309324,8.548975,23,position
engineer,,9.469176,8.38478,23,position
biologists,,9.368026,8.396672,23,position
astronomer,,9.4891205,8.445332,23,position
america cosmic,,9.233083,8.327284,23,publication
jim west,,12.233991,2.5959322,24,person
jim angleton,,12.23867,2.7811725,24,person
james woodward,,12.080856,2.5534046,24,person
james westwood,,12.098594,2.5812066,24,person
james goodall,,12.084592,2.6417658,24,person
james cox,,12.052759,2.6072268,24,person
frc west,,12.239888,2.5681074,24,place
uaprelated cables,,7.9424133,7.5923448,25,concept
uap sighting incident and body recovery,,8.047605,7.708036,25,concept
uap materials analysis,,7.955561,7.6009254,25,concept
uap crash,,7.971723,7.6274014,25,concept
uap,,7.9896464,7.5642548,25,concept
crash retrieval,,8.433674,7.850782,25,concept
crash of a ufo,,8.5974455,8.004686,25,concept
triangular uap sightings,,8.097381,7.7656264,25,event
rendlesham forest incident,,8.220053,7.8474283,25,event
holloman uap landing,,7.918729,7.5195336,25,event
del rio tx uap crash,,7.963932,7.6591034,25,event
scientific coalition for uap studies,,8.003388,7.6486816,25,group
ultraterrestrial hypothesis,,8.851239,8.345988,26,concept
ufoheap,,8.808401,8.148529,26,concept
ufo encounters,,8.669379,8.07501,26,concept
ufo,,8.891195,8.236996,26,concept
flying saucer,,9.026358,8.236316,26,concept
antigravity,,9.060669,8.324179,26,concept
abductions,,8.784086,8.113346,26,concept
mutual ufo network,,8.819971,8.17746,26,group
ufologist,,8.931361,8.282482,26,position
fluxliner,,11.962653,7.3138824,27,concept
mississippi house resolution no 14,,11.6937275,7.4710293,27,event
ibm,,11.872769,7.603544,27,organization
general electric,,11.804378,7.551242,27,organization
icbm,,11.597636,7.699257,27,technology
foia,,10.556488,9.163427,28,concept
vietnam war,,10.426317,9.267583,28,event
war department,,10.419294,9.458986,28,group
state department,,10.641545,9.587363,28,group
defense contractor,,10.349808,9.619074,28,group
uk ministry of defence,,10.386797,9.483883,28,organization
fbi,,10.530027,9.201879,28,organization
department of homeland security,,10.694917,9.574442,28,organization
department of energy,,10.702597,9.605228,28,organization
department of defense,,10.462129,9.511061,28,organization
defense industry,,10.257893,9.665837,28,organization
civilian contractors,,10.422615,9.482549,28,organization
atomic energy commission,,10.824961,9.423851,28,organization
white house,,10.850876,9.442128,28,place
the pentagon,,10.488655,9.1505995,28,place
pentagon,,10.447684,9.207361,28,place
ministry of defence,,10.372584,9.5178,28,position
domestic contact service,,10.872544,9.604624,28,program
pentacle memorandum,,10.418492,9.145502,28,publication
usg contractor space,,11.063821,6.39366,29,concept
operation shocker,,10.337253,6.8984795,29,event
usn,,11.340727,6.3427324,29,organization
usg,,10.954834,6.242626,29,organization
usdis,,10.916635,6.295021,29,organization
united nations,,11.273083,6.3633776,29,organization
psitech,,10.535263,6.7128654,29,organization
ousdis,,10.935898,6.1436477,29,organization
north atlantic treaty organization,,11.406924,6.4175067,29,organization
nato,,11.368943,6.385544,29,organization
doe,,10.701788,6.4766555,29,organization
dodig,,10.74567,6.4823833,29,organization
dod,,10.660457,6.5260673,29,organization
dci,,10.755932,6.3729353,29,organization
uss carl vinson,,11.542505,6.4000072,29,place
unacknowledged special access program,,10.68807,6.951403,29,program
star wars program,,10.617785,7.0015235,29,program
sdi program,,10.638851,6.463503,29,program
remote viewing program,,10.562737,6.9734807,29,program
operation starfish prime,,10.401479,6.942926,29,program
mercury program,,10.73179,6.904721,29,program
med program,,10.836735,6.868754,29,program
egg special projects,,10.607248,7.3060064,29,program
spy satellite,,10.528006,6.871756,29,technology
dsp satellite,,10.587238,6.6265464,29,technology
enginespropulsion,,10.693139,7.8981013,30,concept
electrodynamic theory,,10.289728,8.2172985,30,concept
electroaerodynamics,,10.386568,8.176188,30,concept
wingless electromagnetic air vehicle,,10.534143,8.049754,30,organization
stealth fighter,,10.570348,7.582273,30,organization
magnetohydrodynamics,,10.381139,8.15181,30,organization
hughes aircraft,,10.625043,7.765132,30,organization
ohare international airport,,10.829943,7.875782,30,place
project twinkle,,10.904309,7.4450746,30,program
project skylite,,10.819971,7.5190396,30,program
project preserve destiny,,11.15399,7.4528804,30,program
project moonstruck,,11.074959,7.526307,30,program
project marauder,,10.8918,7.4337025,30,program
project blue heaven,,11.232568,7.43497,30,program
electromagnetic waves,,10.30786,8.179144,30,program
disclosure project,,10.782224,7.475678,30,program
stealth aircraft,,10.621626,7.8027997,30,technology
minuteman iii,,11.1720495,7.7191787,30,technology
hovercraft,,10.688237,7.832429,30,technology
electromagnetic air vehicle,,10.475727,8.102079,30,technology
aircraft,,10.7183895,7.8413477,30,technology
mj12,,9.692901,6.485624,31,group
jason group,,9.678789,6.515395,31,group
permindex,,9.734759,6.199234,31,place
g2,,9.244032,5.9753685,31,position
afosi,,9.479317,6.572308,31,position
aatip,,9.425118,6.676022,31,program
som101,,9.653427,6.247796,31,technology
a12 prototype,,9.488803,6.60506,31,technology
f4,,9.174818,6.192438,31,
f117a,,9.315673,6.4224567,31,
b29,,9.157962,6.2501187,31,
subcommittee on atmospheric phenomena,,11.478842,8.926262,32,group
house select committee on astronautics and space exploration,,11.516742,8.8255625,32,group
house science and astronautics committee,,11.503756,9.098886,32,group
advanced deep space transport technology assessment group,,11.347421,8.72642,32,group
to the stars academy,,11.450238,9.018475,32,organization
jet propulsion laboratory,,11.421341,8.717904,32,organization
bigelow aerospace advanced space studies,,11.488413,8.763612,32,organization
air force rocket propulsion library,,11.553394,8.845213,32,organization
air force astronautics laboratory,,11.548816,8.821046,32,place
nuclear security testing,,11.912085,9.514351,33,concept
nobel prize,,11.430382,9.330933,33,concept
white house office of science and technology policy,,11.399102,9.969346,33,group
science for peace and security,,11.580343,9.928677,33,group
osd public affairs,,11.588063,9.73027,33,group
opnav n2n6 public affairs,,11.581696,9.714059,33,group
national press club,,11.624993,9.544657,33,group
science applications international corporation,,11.484246,9.712874,33,organization
office of scientific intelligence,,11.613487,10.038782,33,organization
office of naval research,,11.856906,9.601171,33,organization
office of naval intelligence,,11.713012,9.786447,33,organization
nsa,,11.118101,9.436049,33,organization
national weather service,,11.330568,9.365078,33,organization
national security and international affairs division,,11.4215145,9.720889,33,organization
national security agency,,11.317374,9.552401,33,organization
national science foundation,,11.31955,9.439295,33,organization
national reconnaissance office,,11.735422,9.506772,33,organization
national photographic interpretation center,,11.670235,9.487965,33,organization
national nuclear security administration,,11.476041,9.554734,33,organization
national institute of standards and technology,,11.42182,9.412358,33,organization
national academy of sciences,,11.462679,9.373156,33,organization
nasa associate administrator for space sciences,,11.243104,9.836326,33,organization
bureau of oceans and international environmental and scientific affairs,,11.589657,9.96566,33,organization
office of special investigations,,11.614237,10.136028,33,program
wackenhut,,9.758659,3.064625,34,organization
walter reed hospital,,9.769115,2.8669894,34,person
walter horten,,9.773969,3.0596979,34,person
urner liddel,,10.036701,2.8813565,34,person
richard helms,,10.136878,2.677634,34,person
richard f haines,,10.116056,2.6909213,34,person
richard doty,,10.503002,2.9362938,34,person
prince hansadam ii,,9.913001,3.0270758,34,person
noel hinners,,9.772955,2.79593,34,person
mary elizabeth elliot,,10.316644,2.8015783,34,person
linda woodford,,10.345742,2.6258004,34,person
linda moulton howe,,10.432683,2.7169542,34,person
helen littrell,,10.29767,2.7524123,34,person
hannes alfven,,9.862104,2.9709039,34,person
hal puthoff,,9.842008,3.038373,34,person
h r hillenkoetter,,9.740387,2.9635117,34,person
gerald k haines,,10.210183,2.6738398,34,person
gabrielle pettingell,,10.492623,2.9383218,34,person
everett hineman,,9.892034,2.638494,34,person
dick haines,,10.27017,2.6961474,34,person
catherine austin fitts,,10.460185,2.7617729,34,person
bernard haisch,,10.0282345,2.967566,34,person
art lundahl,,10.036736,2.7726831,34,person
horten ho 299,,9.81019,3.204666,34,technology
npic,,10.372522,5.233932,35,concept
ndi,,10.469836,5.218223,35,concept
crypto clearance,,10.445501,5.384036,35,concept
drugs,,10.357214,5.516527,35,object
tx,texas,10.213706,5.488034,35,place
nv,,10.18677,5.3700404,35,place
nm,,10.171613,5.327413,35,place
nj,,10.129431,5.4394803,35,place
nc,,10.106574,5.3502784,35,place
NIDS - National Institute for Discover Science (NIDS),,10.58863,5.179826,35,program
matrix,,10.14278,5.422055,35,publication
treat iv,,10.273814,5.3628936,35,
rc,,9.965293,5.398217,35,
klastv,,10.452613,5.3711514,35,
sen robert byrd,,9.827542,0.85658455,36,person
ron blackburn,,9.893653,0.8033898,36,person
robertson panel,,9.763474,0.8184428,36,person
robert powell,,9.877776,0.8660363,36,person
robert naka,,9.919372,1.0350206,36,person
robert m wood,,9.931293,0.98146486,36,person
robert emenegger,,9.860751,1.2885032,36,person
robert c byrd,,9.873062,0.8442282,36,person
ray smith buchanan,,9.957099,0.8022733,36,person
bobby ray inman,,10.028261,0.94942576,36,person
bob wood,,10.073804,0.96157116,36,person
bob oechsler,,10.035469,1.2074599,36,person
bob lazar,,10.00527,1.1293523,36,person
bob bigelow,,10.089095,1.1107994,36,person
boscombe down,,10.194176,1.1205835,36,place
nick redfern,,9.686768,2.3323302,37,person
eugene f yeates,,9.844719,2.1459446,37,person
eric weinstein,,9.738811,2.2244298,37,person
eric walker,,9.729021,1.9845752,37,person
eric haseltine,,9.75383,2.3062649,37,person
eric davis,,9.608915,2.0968428,37,person
eric a walker,,9.688255,2.100551,37,person
amy eskridge,,9.658463,2.0735164,37,person
kgfl,,9.799221,5.727149,38,organization
cia,,9.827516,5.640522,38,organization
la,,9.821138,5.7361217,38,place
ga,,9.672667,5.7354546,38,place
co,,9.826278,5.6825137,38,place
ca,,9.751833,5.693694,38,place
classified,,10.037407,5.832515,39,concept
sec,,10.047912,5.925572,39,organization
dia,,10.190286,5.8357205,39,organization
arpa,,10.116298,5.8931255,39,organization
ames,,10.004953,6.0351863,39,organization
aec,,9.986936,5.943644,39,organization
anonymous,,10.101158,5.9842663,39,person
ks,,10.137851,5.8221493,39,place
ekuk,,10.144788,5.8508496,39,place
ak,,10.113384,5.9100266,39,place
pres,,10.066879,5.882081,39,position
dist,,10.045219,5.691411,39,
william tompkins,,11.190146,1.8560737,40,person
william lear,,11.165214,1.9214475,40,person
william hamilton,,11.273183,1.798317,40,person
william draeger,,10.966106,1.8398134,40,person
thomas wilson,,11.39216,1.8348846,40,person
thomas mahood,,11.88251,2.3380692,40,person
steven greer,,10.77922,1.7054827,40,person
steven bechtel,,10.270343,1.7102929,40,person
steve millard,,10.861853,1.2832357,40,person
stephen lovekin,,10.806365,1.7505426,40,person
selman e graves,,10.820978,2.309334,40,person
regina dugan,,10.952563,2.5361478,40,person
paul f bennewitz,,10.405943,1.785321,40,person
michael lindemann,,10.800693,1.5376093,40,person
mark sokol,,10.87848,1.3152941,40,person
lear siegler corp,,10.685138,1.7913264,40,person
larry lemke,,10.832776,1.4832382,40,person
joshua n goldberg,,11.419376,1.9540251,40,person
jonathan weygandt,,11.566403,1.8937285,40,person
jonathan campbell,,11.587774,1.7581266,40,person
johndale solem,,11.646493,2.2152965,40,person
john warner iv,,11.85539,2.2560766,40,person
john warner iii,,11.910512,2.1190307,40,person
john w mccormack,,11.486973,1.5175164,40,person
john schuessler,,11.553362,2.1972291,40,person
john s herrington,,11.405932,2.2571766,40,person
john podesta,,11.761365,2.3203523,40,person
john negroponte,,11.772847,2.3126414,40,person
john lear,,11.681853,2.0892122,40,person
john keel,,11.681925,1.8414887,40,person
john h gibbons,,11.456528,1.9679047,40,person
john greenwald,,11.763888,2.505178,40,person
john grace,,11.569816,2.2220912,40,person
john e brandenburg,,11.39113,2.2649586,40,person
john burroughs,,11.230728,2.2297282,40,person
jeffrey w griffith,,11.420446,1.863967,40,person
janes defense,,11.689468,2.1712935,40,person
jacob,,11.534277,1.8524089,40,person
henry deacon,,11.056429,2.357437,40,person
henry dakin,,10.835346,2.5729654,40,person
george schulgen,,10.85201,1.7500945,40,person
george knapp,,11.174435,1.8764583,40,person
diana pasulka,,10.881668,2.640407,40,person
dale graff,,11.25561,2.1252418,40,person
chuck wade,,10.035931,1.6947126,40,person
charles modlin,,10.686185,1.4152609,40,person
cb scott jones,,11.738168,1.692678,40,person
carl spaatz,,10.072161,1.8248519,40,person
benjamin chidlaw,,10.495814,1.6887133,40,person
bechtel corp,,10.191547,1.6450833,40,person
arthur r mcquiddy,,11.480843,1.2477822,40,person
albert collins,,10.619006,1.8073167,40,person
michael mckubre,,11.289254,1.1060351,41,person
jb michaels,,11.228829,1.3398844,41,person
colm keller,,11.392308,0.9935875,41,person
colm kelleher,,11.440486,1.0784411,41,person
christopher mellon,,11.579434,0.9507912,41,person
christopher k mellon,,11.611339,0.96047765,41,person
bruce maccabee,,11.289113,1.021937,41,person